Data,Otwarcie,Najwyzszy,Najnizszy,Zamkniecie,Wolumen
2014-05-01,1884.39,1888.59,1878.04,1883.68,468129760
2014-05-02,1885.3,1891.33,1878.5,1881.14,463772512
2014-05-05,1879.45,1885.51,1866.77,1884.66,417845728
2014-05-06,1883.69,1883.69,1867.72,1867.72,475145856
2014-05-07,1868.53,1878.83,1859.79,1878.21,563865920
2014-05-08,1877.39,1889.07,1870.05,1875.63,488633952
2014-05-09,1875.27,1878.57,1867.02,1878.48,473636640
2014-05-12,1880.03,1897.13,1880.03,1896.65,448958176
2014-05-13,1896.75,1902.17,1896.06,1897.45,418424960
2014-05-14,1897.13,1897.13,1885.77,1888.53,424737152
2014-05-15,1888.16,1888.16,1862.36,1870.85,547248768
2014-05-16,1871.19,1878.28,1864.82,1877.86,624214464
2014-05-19,1876.66,1886,1872.42,1885.08,433539360
2014-05-20,1884.88,1884.88,1868.14,1872.83,434987328
2014-05-21,1873.34,1888.8,1873.34,1888.03,410922496
2014-05-22,1888.19,1896.33,1885.39,1892.49,385687104
2014-05-23,1893.32,1901.26,1893.32,1900.53,373533152
2014-05-27,1902.01,1912.28,1902.01,1911.91,469725696
2014-05-28,1911.77,1914.46,1907.3,1909.78,408971456
2014-05-29,1910.6,1920.03,1909.82,1920.03,371686944
2014-05-30,1920.33,1924.03,1916.64,1923.57,600561216
2014-06-02,1923.87,1925.88,1915.98,1924.97,376884160
2014-06-03,1923.07,1925.07,1918.79,1924.24,414916320
2014-06-04,1923.06,1928.63,1918.6,1927.88,403731584
2014-06-05,1928.52,1941.74,1922.93,1940.46,431163168
2014-06-06,1942.41,1949.44,1942.41,1949.44,445238432
2014-06-09,1948.97,1955.55,1947.16,1951.27,422482240
2014-06-10,1950.34,1950.86,1944.64,1950.79,405674272
2014-06-11,1949.37,1949.37,1940.08,1943.89,387291712
2014-06-12,1943.35,1943.35,1925.78,1930.11,460598592
2014-06-13,1930.8,1937.3,1927.69,1936.16,445525536
2014-06-16,1934.84,1941.15,1930.91,1937.78,437327136
2014-06-17,1937.15,1943.69,1933.55,1941.99,406150816
2014-06-18,1942.73,1957.74,1939.29,1956.98,436551008
2014-06-19,1957.5,1959.87,1952.26,1959.48,476074336
2014-06-20,1960.45,1963.91,1959.17,1962.87,1210088576
2014-06-23,1962.92,1963.74,1958.89,1962.61,412473568
2014-06-24,1961.97,1968.17,1948.34,1949.98,470849280
2014-06-25,1949.27,1960.83,1947.49,1959.53,455607552
2014-06-26,1959.89,1959.89,1944.69,1957.22,404596192
2014-06-27,1956.56,1961.47,1952.18,1960.96,737124096
2014-06-30,1960.79,1964.24,1958.22,1960.23,527596608
2014-07-01,1962.29,1978.58,1962.29,1973.32,438632000
2014-07-02,1973.06,1976.67,1972.58,1974.62,386093376
2014-07-03,1975.88,1985.59,1975.88,1985.44,366629056
2014-07-07,1984.22,1984.22,1974.88,1977.65,399513920
2014-07-08,1976.39,1976.39,1959.46,1963.71,482752576
2014-07-09,1965.1,1974.15,1965.1,1972.83,414979840
2014-07-10,1966.67,1969.84,1952.86,1964.68,417515360
2014-07-11,1965.76,1968.67,1959.63,1967.57,375623296
2014-07-14,1969.86,1979.85,1969.86,1977.1,398145312
2014-07-15,1977.36,1982.52,1965.34,1973.28,546839552
2014-07-16,1976.35,1983.94,1975.67,1981.57,518289952
2014-07-17,1979.75,1981.8,1955.59,1958.12,542027392
2014-07-18,1961.54,1979.91,1960.82,1978.22,583144896
2014-07-21,1976.93,1976.93,1965.77,1973.63,397763136
2014-07-22,1975.65,1986.24,1975.65,1983.53,428096608
2014-07-23,1985.32,1989.23,1982.44,1987.01,471810208
2014-07-24,1988.07,1991.39,1985.79,1987.98,472332448
2014-07-25,1984.6,1984.6,1974.37,1978.34,414723328
2014-07-28,1978.25,1981.52,1967.31,1978.91,436398112
2014-07-29,1980.03,1984.85,1969.95,1969.95,492948544
2014-07-30,1973.21,1978.9,1962.42,1970.07,477862656
2014-07-31,1965.14,1965.14,1930.67,1930.67,624026560
2014-08-01,1929.8,1937.35,1916.37,1925.15,519282528
2014-08-04,1926.62,1942.92,1921.2,1938.99,468949024
2014-08-05,1936.34,1936.34,1913.77,1920.21,501232512
2014-08-06,1917.29,1927.91,1911.45,1920.24,488564128
2014-08-07,1923.03,1928.89,1904.78,1909.57,474215456
2014-08-08,1910.35,1932.38,1909.01,1931.59,456164320
2014-08-11,1933.43,1944.9,1933.43,1936.92,399567360
2014-08-12,1935.73,1939.65,1928.29,1933.75,352125888
2014-08-13,1935.6,1948.41,1935.6,1946.72,369469984
2014-08-14,1947.41,1955.23,1947.41,1955.18,322829280
2014-08-15,1958.87,1964.04,1941.5,1955.06,599710528
2014-08-18,1958.36,1971.99,1958.36,1971.74,422328736
2014-08-19,1972.73,1982.57,1972.73,1981.6,393651360
2014-08-20,1980.46,1988.57,1977.68,1986.51,378316256
2014-08-21,1986.82,1994.76,1986.82,1992.37,395106784
2014-08-22,1992.6,1993.54,1984.76,1988.4,377965920
2014-08-25,1991.74,2001.95,1991.74,1997.92,336929376
2014-08-26,1998.59,2005.04,1998.59,2000.02,314152672
2014-08-27,2000.54,2002.14,1996.2,2000.12,342253152
2014-08-28,1997.42,1998.55,1990.52,1996.74,315937184
2014-08-29,1998.45,2003.38,1994.65,2003.37,425137984
2014-09-02,2004.07,2006.12,1994.85,2002.28,399427648
2014-09-03,2003.57,2009.28,1998.14,2000.72,396757440
2014-09-04,2001.67,2011.17,1992.54,1997.65,426863552
2014-09-05,1998,2007.71,1990.1,2007.71,451026304
2014-09-08,2007.17,2007.17,1995.6,2001.54,412013952
2014-09-09,2000.73,2001.01,1984.61,1988.44,451002080
2014-09-10,1988.41,1996.66,1982.99,1995.69,427210176
2014-09-11,1992.85,1997.65,1985.93,1997.45,399942016
2014-09-12,1996.74,1996.74,1980.26,1985.54,500777568
2014-09-15,1986.04,1987.18,1978.48,1984.13,433881472
2014-09-16,1981.93,2002.28,1979.06,1998.98,441930592
2014-09-17,1999.3,2010.74,1993.29,2001.57,478469184
2014-09-18,2003.07,2012.34,2003.07,2011.36,476265312
2014-09-19,2012.74,2019.26,2006.59,2010.4,1399994240
2014-09-22,2009.08,2009.08,1991.01,1994.29,474910688
2014-09-23,1992.78,1995.41,1982.77,1982.77,484157920
2014-09-24,1983.34,1999.79,1978.63,1998.3,486138272
2014-09-25,1997.32,1997.32,1965.99,1965.99,526849248
2014-09-26,1966.22,1986.37,1966.22,1982.85,436494336
2014-09-29,1978.96,1981.28,1964.04,1977.8,421790848
2014-09-30,1978.21,1985.17,1968.96,1972.29,590987712
2014-10-01,1971.44,1971.44,1941.72,1946.16,585400640
2014-10-02,1945.83,1952.32,1926.03,1946.17,513193344
2014-10-03,1948.12,1971.19,1948.12,1967.9,544453888
2014-10-06,1970.01,1977.84,1958.43,1964.82,433724768
2014-10-07,1962.36,1962.36,1934.87,1935.1,519200608
2014-10-08,1935.55,1970.36,1925.25,1968.89,610704896
2014-10-09,1967.68,1967.68,1927.56,1928.21,604834240
2014-10-10,1925.63,1936.98,1906.05,1906.13,757722432
2014-10-13,1905.65,1912.09,1874.14,1874.74,670574656
2014-10-14,1877.11,1898.71,1871.79,1877.7,689807360
2014-10-15,1874.18,1874.18,1820.66,1862.49,927106688
2014-10-16,1855.95,1876.01,1835.02,1862.76,796441216
2014-10-17,1864.91,1898.16,1864.91,1886.76,805127616
2014-10-20,1885.62,1905.03,1882.3,1904.01,532658464
2014-10-21,1909.38,1942.45,1909.38,1941.28,586985472
2014-10-22,1941.29,1949.31,1926.83,1927.11,601349184
2014-10-23,1931.02,1961.95,1931.02,1950.82,562055232
2014-10-24,1951.59,1965.27,1946.27,1964.58,499289568
2014-10-27,1962.97,1964.64,1951.37,1961.63,466534272
2014-10-28,1964.14,1985.05,1964.14,1985.05,519963456
2014-10-29,1983.29,1991.4,1969.04,1982.3,551239808
2014-10-30,1979.49,1999.4,1974.75,1994.65,512482880
2014-10-31,2001.2,2018.19,2001.2,2018.05,699352000
2014-11-03,2018.21,2024.46,2013.68,2017.81,495622656
2014-11-04,2015.81,2015.98,2001.01,2012.1,524070880
2014-11-05,2015.29,2023.77,2014.42,2023.57,511531040
2014-11-06,2023.33,2031.61,2015.86,2031.21,498077216
2014-11-07,2032.36,2034.26,2025.07,2031.92,507723712
2014-11-10,2032.01,2038.7,2030.17,2038.26,459640128
2014-11-11,2038.2,2041.28,2035.28,2039.68,379588864
2014-11-12,2037.75,2040.33,2031.95,2038.25,461754176
2014-11-13,2039.21,2046.18,2030.44,2039.33,470870048
2014-11-14,2039.74,2042.22,2035.2,2039.82,447916544
2014-11-17,2038.29,2043.07,2034.46,2041.32,466238656
2014-11-18,2041.48,2056.08,2041.48,2051.8,465608064
2014-11-19,2051.16,2052.14,2040.37,2048.72,456923424
2014-11-20,2045.87,2053.84,2040.49,2052.75,445074496
2014-11-21,2057.46,2071.46,2056.75,2063.5,725540480
2014-11-24,2065.07,2070.17,2065.07,2069.41,483217024
2014-11-25,2070.15,2074.21,2064.75,2067.03,587225536
2014-11-26,2067.36,2073.29,2066.62,2072.83,510129952
2014-11-28,2074.78,2075.76,2065.06,2067.56,411846784
2014-12-01,2065.78,2065.78,2049.57,2053.44,547649088
2014-12-02,2053.77,2068.77,2053.77,2066.55,498487712
2014-12-03,2067.45,2076.28,2066.65,2074.33,536401376
2014-12-04,2073.64,2077.34,2062.34,2071.92,495742880
2014-12-05,2072.78,2079.47,2070.81,2075.37,493066208
2014-12-08,2074.84,2075.78,2054.27,2060.31,547815040
2014-12-09,2056.55,2060.6,2034.17,2059.82,530081600
2014-12-10,2058.86,2058.86,2024.26,2026.14,619372160
2014-12-11,2027.92,2055.53,2027.92,2035.33,527716928
2014-12-12,2030.36,2032.25,2002.33,2002.33,657513408
2014-12-15,2005.03,2018.69,1982.26,1989.63,670010880
2014-12-16,1986.71,2016.89,1972.56,1972.74,690286208
2014-12-17,1973.77,2016.75,1973.77,2012.89,658795520
2014-12-18,2018.98,2061.23,2018.98,2061.23,667324864
2014-12-19,2061.04,2077.85,2061.03,2070.65,1634075648
2014-12-22,2069.28,2078.76,2069.28,2078.54,550809984
2014-12-23,2081.48,2086.73,2079.77,2082.17,473318816
2014-12-24,2083.25,2087.56,2081.86,2081.88,224960768
2014-12-26,2084.3,2092.7,2084.3,2088.77,286846048
2014-12-29,2087.63,2093.55,2085.75,2090.57,331940256
2014-12-30,2088.49,2088.49,2079.53,2080.35,307772416
2014-12-31,2082.11,2085.58,2057.94,2058.9,415305408
2015-01-02,2058.9,2072.36,2046.04,2058.2,427050720
2015-01-05,2054.44,2054.44,2017.34,2020.58,611608768
2015-01-06,2022.15,2030.25,1992.44,2002.61,628834816
2015-01-07,2005.55,2029.61,2005.55,2025.9,538584384
2015-01-08,2030.61,2064.08,2030.61,2062.14,605115072
2015-01-09,2063.45,2064.43,2038.33,2044.81,503961248
2015-01-12,2046.13,2049.3,2022.58,2028.26,536720096
2015-01-13,2031.58,2056.93,2008.25,2023.03,610249408
2015-01-14,2018.4,2018.4,1988.44,2011.27,673109120
2015-01-15,2013.75,2021.35,1991.47,1992.67,608795904
2015-01-16,1992.25,2020.46,1988.12,2019.42,732056640
2015-01-20,2020.76,2028.94,2004.49,2022.55,605794304
2015-01-21,2020.19,2038.29,2012.04,2032.12,540353600
2015-01-22,2034.3,2064.62,2026.38,2063.15,643878656
2015-01-23,2062.98,2062.98,2050.54,2051.82,535544384
2015-01-26,2050.42,2057.62,2040.97,2057.09,527328736
2015-01-27,2047.86,2047.86,2019.91,2029.55,568436736
2015-01-28,2032.34,2042.49,2001.49,2002.16,651416576
2015-01-29,2002.45,2024.64,1989.18,2021.25,621451456
2015-01-30,2019.35,2023.32,1993.38,1994.99,893291072
2015-02-02,1996.67,2021.66,1980.9,2020.85,637858240
2015-02-03,2022.71,2050.3,2022.71,2050.03,659061056
2015-02-04,2048.86,2054.74,2036.72,2041.51,639296320
2015-02-05,2043.45,2063.55,2043.45,2062.52,533722144
2015-02-06,2062.28,2072.4,2049.97,2055.47,590832768
2015-02-09,2053.47,2056.16,2041.88,2046.74,502523264
2015-02-10,2049.38,2070.86,2048.62,2068.59,538468928
2015-02-11,2068.55,2073.48,2057.99,2068.53,503865504
2015-02-12,2069.98,2088.53,2069.98,2088.48,563595584
2015-02-13,2088.78,2097.03,2086.7,2096.99,501376864
2015-02-17,2096.47,2101.3,2089.8,2100.34,557431168
2015-02-18,2099.16,2100.23,2092.15,2099.68,458384768
2015-02-19,2099.25,2102.13,2090.79,2097.45,462308544
2015-02-20,2097.65,2110.61,2085.44,2110.3,621929984
2015-02-23,2109.83,2110.05,2103,2109.66,497480864
2015-02-24,2109.1,2117.94,2105.87,2115.48,500026496
2015-02-25,2115.3,2119.59,2109.89,2113.86,481137440
2015-02-26,2113.91,2113.91,2103.76,2110.74,504415136
2015-02-27,2110.88,2112.74,2103.75,2104.5,596622400
2015-03-02,2105.23,2117.52,2104.5,2117.39,516702240
2015-03-03,2115.76,2115.76,2098.26,2107.78,488630240
2015-03-04,2107.72,2107.72,2087.62,2098.53,489094240
2015-03-05,2098.54,2104.25,2095.22,2101.04,479662528
2015-03-06,2100.91,2100.91,2067.27,2071.26,654504512
2015-03-09,2072.25,2083.49,2072.21,2079.43,491830176
2015-03-10,2076.14,2076.14,2044.16,2044.16,618141184
2015-03-11,2044.69,2050.08,2039.69,2040.24,540185408
2015-03-12,2041.1,2066.41,2041.1,2065.95,541657920
2015-03-13,2064.56,2064.56,2041.17,2053.4,553477184
2015-03-16,2055.35,2081.41,2055.35,2081.19,541658752
2015-03-17,2080.59,2080.59,2065.08,2074.28,475826592
2015-03-18,2072.84,2106.85,2061.23,2099.5,629083840
2015-03-19,2098.69,2098.69,2085.56,2089.27,528305216
2015-03-20,2090.32,2113.92,2090.32,2108.1,1560998400
2015-03-23,2107.99,2114.86,2104.42,2104.42,500176864
2015-03-24,2103.94,2107.63,2091.5,2091.5,512657120
2015-03-25,2093.1,2097.43,2061.05,2061.05,582213632
2015-03-26,2059.94,2067.15,2045.5,2056.15,619844480
2015-03-27,2055.78,2062.83,2052.96,2061.02,538110848
2015-03-30,2064.11,2088.97,2064.11,2086.24,493757952
2015-03-31,2084.05,2084.05,2067.04,2067.89,664064640
2015-04-01,2067.63,2067.63,2048.38,2059.69,565759488
2015-04-02,2060.03,2072.17,2057.32,2066.96,484746336
2015-04-06,2064.87,2086.99,2056.52,2080.62,603851840
2015-04-07,2080.79,2089.81,2076.1,2076.33,436572576
2015-04-08,2076.94,2086.69,2073.3,2081.9,488315552
2015-04-09,2081.29,2093.31,2074.29,2091.18,473787104
2015-04-10,2091.51,2102.61,2091.51,2102.06,467432128
2015-04-13,2102.03,2107.65,2092.33,2092.43,489921632
2015-04-14,2092.28,2098.62,2083.24,2095.84,450254752
2015-04-15,2097.82,2111.91,2097.82,2106.63,562067456
2015-04-16,2105.96,2111.3,2100.02,2104.99,494806784
2015-04-17,2102.58,2102.58,2072.37,2081.18,661866240
2015-04-20,2084.11,2103.94,2084.11,2100.4,481935744
2015-04-21,2102.82,2109.64,2094.38,2097.29,486210336
2015-04-22,2098.27,2109.98,2091.05,2107.96,508085472
2015-04-23,2107.21,2120.49,2103.19,2112.93,568902400
2015-04-24,2112.8,2120.92,2112.8,2117.69,555465408
2015-04-27,2119.29,2125.92,2107.04,2108.92,593635072
2015-04-28,2108.35,2116.09,2094.89,2114.76,549880064
2015-04-29,2112.49,2113.65,2097.41,2106.85,550950656
2015-04-30,2105.52,2105.52,2077.59,2085.51,686724416
2015-05-01,2087.38,2108.41,2087.38,2108.29,509691456
2015-05-04,2110.23,2120.95,2110.23,2114.49,458729024
2015-05-05,2112.63,2115.24,2088.46,2089.46,532262944
2015-05-06,2091.26,2098.42,2067.93,2080.15,552811392
2015-05-07,2079.96,2092.9,2074.99,2088,523893312
2015-05-08,2092.13,2117.66,2092.13,2116.1,524564448
2015-05-11,2115.56,2117.69,2104.58,2105.33,467078912
2015-05-12,2102.87,2105.06,2085.57,2099.12,468967040
2015-05-13,2099.62,2110.19,2096.04,2098.48,474021408
2015-05-14,2100.43,2121.45,2100.43,2121.1,478213216
2015-05-15,2122.07,2123.89,2116.79,2122.73,609172416
2015-05-18,2121.3,2131.78,2120.01,2129.2,444882912
2015-05-19,2129.45,2133.02,2124.5,2127.83,494077216
2015-05-20,2127.79,2134.72,2122.59,2125.85,477979008
2015-05-21,2125.55,2134.28,2122.95,2130.82,468617184
2015-05-22,2130.36,2132.15,2126.06,2126.06,423470688
2015-05-26,2125.34,2125.34,2099.18,2104.2,557894720
2015-05-27,2105.13,2126.22,2105.13,2123.48,511388320
2015-05-28,2122.27,2122.27,2112.86,2120.79,434158528
2015-05-29,2120.66,2120.66,2104.89,2107.39,760270080
2015-06-01,2108.64,2119.15,2102.54,2111.73,488124064
2015-06-02,2110.41,2117.59,2099.14,2109.6,471208384
2015-06-03,2110.64,2121.92,2109.61,2114.07,464587648
2015-06-04,2112.35,2112.89,2093.23,2095.84,521653760
2015-06-05,2095.09,2100.99,2085.67,2092.83,559378816
2015-06-08,2092.34,2093.01,2079.11,2079.28,488359904
2015-06-09,2079.07,2085.62,2072.14,2080.15,488887520
2015-06-10,2081.12,2108.5,2081.12,2105.2,507592416
2015-06-11,2106.24,2115.02,2106.24,2108.86,529810336
2015-06-12,2107.43,2107.43,2091.33,2094.11,449569344
2015-06-15,2091.34,2091.34,2072.49,2084.43,504811104
2015-06-16,2084.26,2097.4,2082.1,2096.29,410786080
2015-06-17,2097.4,2106.79,2088.86,2100.44,480836832
2015-06-18,2101.58,2126.65,2101.58,2121.24,544448512
2015-06-19,2121.06,2121.64,2109.45,2109.99,1255469056
2015-06-22,2112.5,2129.87,2112.5,2122.85,468268544
2015-06-23,2123.16,2128.03,2119.89,2124.2,453347808
2015-06-24,2123.65,2125.1,2108.58,2108.58,534118848
2015-06-25,2109.96,2116.04,2101.78,2102.31,495866976
2015-06-26,2102.62,2108.92,2095.38,2101.49,927653632
2015-06-29,2098.63,2098.63,2056.64,2057.64,587052800
2015-06-30,2061.19,2074.28,2056.32,2063.11,717721984
2015-07-01,2067,2082.78,2067,2077.42,531789472
2015-07-02,2078.03,2085.06,2071.02,2076.78,484464992
2015-07-06,2073.95,2078.61,2058.4,2068.76,586280640
2015-07-07,2069.52,2083.74,2044.02,2081.34,624425664
2015-07-08,2077.66,2077.66,2044.66,2046.68,372360896
2015-07-09,2049.73,2074.28,2049.73,2051.31,553703040
2015-07-10,2052.74,2081.31,2052.74,2076.62,487562240
2015-07-13,2080.03,2100.67,2080.03,2099.6,504202400
2015-07-14,2099.72,2111.98,2098.18,2108.95,501668576
2015-07-15,2109.01,2114.14,2102.49,2107.4,541155008
2015-07-16,2110.55,2124.42,2110.55,2124.29,532404416
2015-07-17,2126.8,2128.91,2119.88,2126.64,626313088
2015-07-20,2126.85,2132.82,2123.65,2128.28,498190976
2015-07-21,2127.55,2128.49,2115.4,2119.21,554248768
2015-07-22,2118.21,2118.51,2110,2114.15,605859072
2015-07-23,2114.16,2116.87,2098.63,2102.15,586377280
2015-07-24,2102.24,2106.01,2077.09,2079.65,622963520
2015-07-27,2078.19,2078.19,2063.52,2067.64,658550080
2015-07-28,2070.75,2095.6,2069.09,2093.25,612904704
2015-07-29,2094.7,2110.6,2094.08,2108.57,571805824
2015-07-30,2106.78,2110.48,2094.97,2108.63,505772768
2015-07-31,2111.6,2114.24,2102.07,2103.84,639821952
2015-08-03,2104.49,2105.7,2087.31,2098.04,546378688
2015-08-04,2097.68,2102.51,2088.6,2093.32,546188992
2015-08-05,2095.27,2112.66,2095.27,2099.84,581278336
2015-08-06,2100.75,2103.32,2075.53,2083.56,612047808
2015-08-07,2082.61,2082.61,2067.91,2077.57,529758816
2015-08-10,2080.98,2105.35,2080.98,2104.18,537315072
2015-08-11,2102.66,2102.66,2076.49,2084.07,562224960
2015-08-12,2081.1,2089.06,2052.09,2086.05,632624384
2015-08-13,2086.19,2092.93,2078.26,2083.39,502547936
2015-08-14,2083.15,2092.45,2080.61,2091.54,448693824
2015-08-17,2089.7,2102.87,2079.3,2102.44,426348832
2015-08-18,2101.99,2103.47,2094.14,2096.92,444318624
2015-08-19,2095.69,2096.17,2070.53,2079.61,571510720
2015-08-20,2076.61,2076.61,2035.73,2035.73,674778240
2015-08-21,2034.08,2034.08,1970.89,1970.89,1064603968
2015-08-24,1965.15,1965.15,1867.01,1893.21,1333636096
2015-08-25,1898.08,1948.04,1867.08,1867.61,1051579904
2015-08-26,1872.75,1943.09,1872.75,1940.51,1029073600
2015-08-27,1942.77,1989.6,1942.77,1987.66,924566976
2015-08-28,1986.06,1993.48,1975.19,1988.87,723537984
2015-08-31,1986.73,1986.73,1965.98,1972.18,764800512
2015-09-01,1970.09,1970.09,1903.07,1913.85,870270848
2015-09-02,1916.52,1948.91,1916.52,1948.86,733017536
2015-09-03,1950.79,1975.01,1944.72,1951.13,632777984
2015-09-04,1947.76,1947.76,1911.21,1921.22,665523776
2015-09-08,1927.3,1970.42,1927.3,1969.41,683794752
2015-09-09,1971.45,1988.63,1937.88,1942.04,667063872
2015-09-10,1941.59,1965.29,1937.19,1952.29,668667584
2015-09-11,1951.45,1961.05,1939.19,1961.05,589094912
2015-09-14,1963.06,1963.06,1948.27,1953.03,546577984
2015-09-15,1955.1,1983.19,1954.3,1978.09,538382912
2015-09-16,1978.02,1997.26,1977.93,1995.31,592044160
2015-09-17,1995.33,2020.86,1986.73,1990.2,704755840
2015-09-18,1989.66,1989.66,1953.45,1958.03,1861010816
2015-09-21,1960.84,1979.64,1955.8,1966.97,570821440
2015-09-22,1961.39,1961.39,1929.22,1942.74,692638208
2015-09-23,1943.24,1949.52,1932.57,1938.76,505085376
2015-09-24,1934.81,1937.17,1908.92,1932.24,715187264
2015-09-25,1935.93,1952.89,1921.5,1931.34,691157952
2015-09-28,1929.18,1929.18,1879.21,1881.77,776229504
2015-09-29,1881.9,1899.48,1871.91,1884.09,735942336
2015-09-30,1887.14,1920.53,1887.14,1920.03,848607744
2015-10-01,1919.65,1927.21,1900.7,1923.82,677047424
2015-10-02,1921.77,1951.36,1893.7,1951.36,763305600
2015-10-05,1954.33,1989.17,1954.33,1987.05,725903680
2015-10-06,1986.63,1991.62,1971.99,1979.92,680094976
2015-10-07,1982.34,1999.31,1976.44,1995.83,735449408
2015-10-08,1994.01,2016.5,1987.53,2013.43,604542976
2015-10-09,2013.73,2020.13,2007.61,2014.89,623466560
2015-10-12,2015.65,2018.66,2010.55,2017.46,464178464
2015-10-13,2015,2022.34,2001.78,2003.69,567939008
2015-10-14,2003.66,2009.56,1990.73,1994.24,631473984
2015-10-15,1996.47,2024.15,1996.47,2023.86,671347136
2015-10-16,2024.37,2033.54,2020.46,2033.11,711579264
2015-10-19,2031.73,2034.45,2022.31,2033.66,600820992
2015-10-20,2033.13,2039.12,2026.61,2030.77,563892992
2015-10-21,2033.47,2037.97,2017.22,2018.94,610757056
2015-10-22,2021.88,2055.2,2021.88,2052.51,787469824
2015-10-23,2058.19,2079.74,2058.19,2075.15,745409728
2015-10-26,2075.08,2075.14,2066.53,2071.18,602432000
2015-10-27,2068.75,2070.37,2058.84,2065.89,652259328
2015-10-28,2066.48,2090.35,2063.11,2090.35,661292928
2015-10-29,2088.35,2092.52,2082.63,2089.41,549514496
2015-10-30,2090,2094.32,2079.34,2079.36,789259200
2015-11-02,2080.76,2106.2,2080.76,2104.05,579646016
2015-11-03,2102.63,2116.48,2097.51,2109.79,588359040
2015-11-04,2110.6,2114.59,2096.98,2102.31,617126400
2015-11-05,2101.68,2108.78,2090.41,2099.93,590170688
2015-11-06,2098.6,2101.91,2083.74,2099.2,661199296
2015-11-09,2096.56,2096.56,2068.24,2078.58,664914560
2015-11-10,2077.19,2083.67,2069.91,2081.72,564960064
2015-11-11,2083.41,2086.94,2074.85,2075,511711648
2015-11-12,2072.29,2072.29,2045.66,2045.97,574182720
2015-11-13,2044.64,2044.64,2022.02,2023.04,652996480
2015-11-16,2022.08,2053.22,2019.39,2053.19,607634112
2015-11-17,2053.67,2066.69,2045.9,2050.44,677214464
2015-11-18,2051.99,2085.31,2051.99,2083.58,609275904
2015-11-19,2083.7,2086.74,2078.76,2081.24,545928576
2015-11-20,2082.82,2097.06,2082.82,2089.17,691620032
2015-11-23,2089.41,2095.61,2081.39,2086.59,571436544
2015-11-24,2084.42,2094.12,2070.29,2089.14,607035008
2015-11-25,2089.3,2093,2086.3,2088.87,440251936
2015-11-27,2088.82,2093.29,2084.13,2090.11,240329232
2015-11-30,2090.95,2093.81,2080.41,2080.41,818110592
2015-12-01,2082.93,2103.37,2082.93,2102.63,591136320
2015-12-02,2101.71,2104.27,2077.11,2079.51,615563200
2015-12-03,2080.71,2085,2042.35,2049.62,749567616
2015-12-04,2051.24,2093.84,2051.24,2091.69,740029888
2015-12-07,2090.42,2090.42,2066.78,2077.07,639210624
2015-12-08,2073.39,2073.85,2052.32,2063.59,666815424
2015-12-09,2061.17,2080.33,2036.53,2047.62,719968704
2015-12-10,2047.93,2067.65,2045.67,2052.23,598030080
2015-12-11,2047.27,2047.27,2008.8,2012.37,718479360
2015-12-14,2013.37,2022.92,1993.26,2021.94,771603136
2015-12-15,2025.55,2053.87,2025.55,2043.41,689875200
2015-12-16,2046.5,2076.72,2042.43,2073.07,680680128
2015-12-17,2073.76,2076.37,2041.66,2041.89,646357248
2015-12-18,2040.81,2040.81,2005.33,2005.55,1811635584
2015-12-21,2010.27,2022.9,2005.93,2021.15,610341568
2015-12-22,2023.15,2042.74,2020.49,2038.97,547162624
2015-12-23,2042.2,2064.73,2042.2,2064.29,545202944
2015-12-24,2063.52,2067.36,2058.73,2060.99,250582176
2015-12-28,2057.77,2057.77,2044.2,2056.5,367756960
2015-12-29,2060.54,2081.56,2060.54,2078.36,379040512
2015-12-30,2077.34,2077.34,2061.97,2063.36,334636256
2015-12-31,2060.59,2062.54,2043.62,2043.94,482631296
2016-01-04,2038.2,2038.2,1989.68,2012.66,802129536
2016-01-05,2013.78,2021.94,2004.17,2016.71,619318720
2016-01-06,2011.71,2011.71,1979.05,1990.26,734870208
2016-01-07,1985.32,1985.32,1938.83,1943.09,860961216
2016-01-08,1945.97,1960.4,1918.46,1922.03,800850816
2016-01-11,1926.12,1935.65,1901.1,1923.67,775686912
2016-01-12,1927.83,1947.38,1914.35,1938.68,759267904
2016-01-13,1940.34,1950.33,1886.41,1890.28,874626304
2016-01-14,1891.68,1934.47,1878.93,1921.84,920885632
2016-01-15,1916.68,1916.68,1857.83,1880.33,1195043072
2016-01-19,1888.66,1901.44,1864.6,1881.33,877065728
2016-01-20,1876.18,1876.18,1812.29,1859.33,1078152960
2016-01-21,1861.46,1889.85,1848.98,1868.99,853851584
2016-01-22,1877.4,1908.85,1877.4,1906.9,809197184
2016-01-25,1906.28,1906.28,1875.97,1877.08,760987392
2016-01-26,1878.79,1906.73,1878.79,1903.63,699065728
2016-01-27,1902.52,1916.99,1872.7,1882.95,804557952
2016-01-28,1885.22,1902.96,1873.65,1893.36,822107520
2016-01-29,1894,1940.24,1894,1940.24,1218446208
2016-02-01,1936.94,1947.2,1920.3,1939.38,714460224
2016-02-02,1935.26,1935.26,1897.29,1903.03,788526720
2016-02-03,1907.07,1918.01,1872.23,1912.53,893829504
2016-02-04,1911.67,1927.35,1900.52,1915.45,865640064
2016-02-05,1913.07,1913.07,1872.65,1880.05,866389376
2016-02-08,1873.25,1873.25,1828.46,1853.44,1012988672
2016-02-09,1848.46,1868.25,1834.94,1852.21,847559936
2016-02-10,1857.1,1881.6,1850.32,1851.86,766388864
2016-02-11,1847,1847,1810.1,1829.08,959752000
2016-02-12,1833.4,1864.78,1833.4,1864.78,803716032
2016-02-16,1871.44,1895.77,1871.44,1895.58,841186816
2016-02-17,1898.8,1930.68,1898.8,1926.82,818797824
2016-02-18,1927.57,1930,1915.09,1917.83,729950592
2016-02-19,1916.74,1918.78,1902.17,1917.78,862800576
2016-02-22,1924.44,1946.7,1924.44,1945.5,663536128
2016-02-23,1942.38,1942.38,1919.44,1921.27,626866688
2016-02-24,1917.56,1932.08,1891,1929.8,662368192
2016-02-25,1931.87,1951.83,1925.41,1951.7,590114752
2016-02-26,1954.95,1962.96,1945.78,1948.05,669995968
2016-02-29,1947.13,1958.27,1931.81,1932.23,849517056
2016-03-01,1937.09,1978.35,1937.09,1978.35,742732288
2016-03-02,1976.6,1986.51,1968.8,1986.45,680836864
2016-03-03,1985.6,1993.69,1977.37,1993.4,667873920
2016-03-04,1994.01,2009.13,1986.77,1999.99,782617216
2016-03-07,1996.11,2006.12,1989.38,2001.76,654499200
2016-03-08,1996.88,1996.88,1977.43,1979.26,699822912
2016-03-09,1981.44,1992.69,1979.84,1989.26,608087616
2016-03-10,1990.97,2005.08,1969.25,1989.57,665461440
2016-03-11,1994.71,2022.37,1994.71,2022.19,641731328
2016-03-14,2019.27,2024.57,2012.05,2019.64,546849792
2016-03-15,2015.27,2015.94,2005.23,2015.93,529518144
2016-03-16,2014.24,2032.02,2010.04,2027.22,617723072
2016-03-17,2026.9,2046.24,2022.16,2040.59,661846528
2016-03-18,2041.16,2052.36,2041.16,2049.58,1743233792
2016-03-21,2047.88,2053.91,2043.14,2051.6,535593472
2016-03-22,2048.64,2056.6,2040.57,2049.8,555537728
2016-03-23,2048.55,2048.55,2034.86,2036.71,542149248
2016-03-24,2032.48,2036.04,2022.49,2035.94,600157248
2016-03-28,2037.89,2042.67,2031.96,2037.05,460633984
2016-03-29,2035.75,2055.91,2028.31,2055.01,571904000
2016-03-30,2058.27,2072.21,2058.27,2063.95,511572096
2016-03-31,2063.77,2067.92,2057.46,2059.74,636649600
2016-04-01,2056.62,2075.07,2043.98,2072.78,655072832
2016-04-04,2073.19,2074.02,2062.57,2066.13,532744352
2016-04-05,2062.5,2062.5,2042.56,2045.17,666243840
2016-04-06,2045.56,2067.33,2043.09,2066.66,581334912
2016-04-07,2063.01,2063.01,2033.8,2041.91,618328704
2016-04-08,2045.54,2060.63,2041.69,2047.6,534874816
2016-04-11,2050.23,2062.93,2041.88,2041.99,586585536
2016-04-12,2043.72,2065.05,2039.74,2061.72,590880256
2016-04-13,2065.92,2083.18,2065.92,2082.42,631117120
2016-04-14,2082.89,2087.84,2078.13,2082.78,563171264
2016-04-15,2083.1,2083.22,2076.31,2080.73,693621632
2016-04-18,2078.83,2094.66,2073.65,2094.34,548081408
2016-04-19,2096.05,2104.05,2091.68,2100.8,590645248
2016-04-20,2101.52,2111.05,2096.32,2102.4,605036480
2016-04-21,2102.09,2103.78,2088.52,2091.48,652614464
2016-04-22,2091.49,2094.32,2081.2,2091.58,706001536
2016-04-25,2089.37,2089.37,2077.52,2087.79,544817664
2016-04-26,2089.84,2096.87,2085.8,2091.7,600619072
2016-04-27,2092.33,2099.89,2082.31,2095.15,674136320
2016-04-28,2090.93,2099.3,2071.62,2075.81,689625600
2016-04-29,2071.82,2073.85,2052.28,2065.3,887373760
2016-05-02,2067.17,2083.42,2066.11,2081.43,604159488
2016-05-03,2077.18,2077.18,2054.89,2063.37,635573824
2016-05-04,2060.3,2060.3,2045.55,2051.12,627049792
2016-05-05,2052.95,2060.23,2045.77,2050.63,596503936
2016-05-06,2047.77,2057.72,2039.45,2057.14,588466688
2016-05-09,2057.55,2064.15,2054.31,2058.69,557478400
2016-05-10,2062.63,2084.87,2062.63,2084.39,520496992
2016-05-11,2083.29,2083.29,2064.46,2064.46,580146240
2016-05-12,2067.17,2073.99,2053.13,2064.11,588764672
2016-05-13,2062.5,2066.79,2043.13,2046.61,575411968
2016-05-16,2046.53,2071.88,2046.53,2066.66,567350592
2016-05-17,2065.04,2065.69,2040.82,2047.21,686714880
2016-05-18,2044.38,2060.61,2034.49,2047.63,558238592
2016-05-19,2044.21,2044.21,2025.91,2040.04,590037248
2016-05-20,2041.88,2058.35,2041.88,2052.32,697872768
2016-05-23,2052.23,2055.58,2047.26,2048.04,524844096
2016-05-24,2052.65,2079.67,2052.65,2076.06,557635712
2016-05-25,2078.93,2094.73,2078.93,2090.54,561713408
2016-05-26,2091.44,2094.3,2087.08,2090.1,474150688
2016-05-27,2090.06,2099.06,2090.06,2099.06,508526976
2016-05-31,2100.13,2103.48,2088.66,2096.96,904460864
2016-06-01,2093.94,2100.97,2085.1,2099.33,556871680
2016-06-02,2097.71,2105.26,2088.59,2105.26,628071040
2016-06-03,2104.07,2104.07,2085.36,2099.13,568055936
2016-06-06,2100.83,2113.36,2100.83,2109.41,533129792
2016-06-07,2110.18,2119.22,2110.18,2112.13,536135584
2016-06-08,2112.71,2120.55,2112.71,2119.12,496883392
2016-06-09,2115.65,2117.64,2107.73,2115.48,482667776
2016-06-10,2109.57,2109.57,2089.96,2096.07,552233728
2016-06-13,2091.75,2098.12,2078.46,2079.06,564069248
2016-06-14,2076.65,2081.3,2064.1,2075.32,576817024
2016-06-15,2077.6,2085.65,2069.8,2071.5,575947584
2016-06-16,2066.36,2079.62,2050.37,2077.99,552032576
2016-06-17,2078.2,2078.2,2062.84,2071.22,1301417344
2016-06-20,2075.58,2100.66,2075.58,2083.25,598191232
2016-06-21,2085.19,2093.66,2083.02,2088.9,537166016
2016-06-22,2089.75,2099.71,2084.36,2085.45,519444160
2016-06-23,2092.8,2113.32,2092.8,2113.32,525406336
2016-06-24,2103.81,2103.81,2032.57,2037.41,1403948800
2016-06-27,2031.45,2031.45,1991.68,2000.54,882723904
2016-06-28,2006.67,2036.09,2006.67,2036.09,719004608
2016-06-29,2042.69,2073.13,2042.69,2070.77,691908608
2016-06-30,2073.17,2098.94,2070,2098.86,892900672
2016-07-01,2099.34,2108.71,2097.9,2102.95,551760256
2016-07-05,2095.05,2095.05,2080.86,2088.55,650726976
2016-07-06,2084.43,2100.72,2074.02,2099.73,649664896
2016-07-07,2100.42,2109.08,2089.39,2097.9,546443968
2016-07-08,2106.97,2131.71,2106.97,2129.9,597253888
2016-07-11,2131.72,2143.16,2131.72,2137.16,514516416
2016-07-12,2139.5,2155.4,2139.5,2152.14,599293056
2016-07-13,2153.81,2156.45,2146.21,2152.43,514560576
2016-07-14,2157.88,2168.99,2157.88,2163.75,530310560
2016-07-15,2165.13,2169.05,2155.79,2161.74,643167296
2016-07-18,2162.04,2168.35,2159.63,2166.89,479280256
2016-07-19,2163.79,2164.63,2159.01,2163.78,517261568
2016-07-20,2166.1,2175.63,2164.89,2173.02,500403776
2016-07-21,2172.91,2174.56,2159.75,2165.17,559769216
2016-07-22,2166.47,2175.11,2163.24,2175.03,525963936
2016-07-25,2173.71,2173.71,2161.95,2168.48,511452928
2016-07-26,2168.97,2173.54,2160.18,2169.18,540293568
2016-07-27,2169.81,2174.98,2159.07,2166.58,662897024
2016-07-28,2166.05,2172.85,2159.74,2170.06,565285952
2016-07-29,2168.83,2177.09,2163.49,2173.6,787157184
2016-08-01,2173.15,2178.29,2166.21,2170.84,543821056
2016-08-02,2169.94,2170.2,2147.58,2157.03,619404544
2016-08-03,2156.81,2163.79,2152.56,2163.79,542428992
2016-08-04,2163.51,2168.19,2159.07,2164.25,492510112
2016-08-05,2168.79,2182.87,2168.79,2182.87,569883904
2016-08-08,2183.76,2185.44,2177.85,2180.89,487030880
2016-08-09,2182.24,2187.66,2178.61,2181.74,427990080
2016-08-10,2182.81,2183.41,2172,2175.49,439575328
2016-08-11,2177.97,2188.45,2177.97,2185.79,464781440
2016-08-12,2183.74,2186.28,2179.42,2184.05,432168768
2016-08-15,2186.08,2193.81,2186.08,2190.15,441297760
2016-08-16,2186.24,2186.24,2178.14,2178.15,484490144
2016-08-17,2177.84,2183.08,2168.5,2182.22,499948448
2016-08-18,2181.9,2187.03,2180.46,2187.02,510789248
2016-08-19,2184.24,2185,2175.13,2183.87,580194688
2016-08-22,2181.58,2185.15,2175.96,2182.64,463033728
2016-08-23,2187.81,2193.42,2186.8,2186.9,466739616
2016-08-24,2185.09,2186.66,2171.25,2175.44,472268704
2016-08-25,2173.29,2179,2169.74,2172.47,459402656
2016-08-26,2175.1,2187.94,2160.39,2169.04,494436288
2016-08-29,2170.19,2183.48,2170.19,2180.38,434445696
2016-08-30,2179.45,2182.27,2170.41,2176.12,470171552
2016-08-31,2173.56,2173.79,2161.35,2170.95,659165312
2016-09-01,2171.33,2173.56,2157.09,2170.86,507292928
2016-09-02,2177.49,2184.87,2173.59,2179.98,491385888
2016-09-06,2181.61,2186.57,2175.1,2186.48,569216256
2016-09-07,2185.17,2187.87,2179.07,2186.16,511750080
2016-09-08,2182.76,2184.94,2177.49,2181.3,530088960
2016-09-09,2169.08,2169.08,2127.81,2127.81,733298304
2016-09-12,2120.86,2163.3,2119.12,2159.04,678672320
2016-09-13,2150.47,2150.47,2120.27,2127.02,671924160
2016-09-14,2127.86,2141.33,2119.9,2125.77,613080000
2016-09-15,2125.36,2151.31,2122.36,2147.26,582081152
2016-09-16,2146.48,2146.48,2131.2,2139.16,1474370048
2016-09-19,2143.99,2153.61,2135.91,2139.12,513154496
2016-09-20,2145.94,2150.8,2139.17,2139.76,485033376
2016-09-21,2144.58,2165.11,2139.57,2163.12,584047616
2016-09-22,2170.94,2179.99,2170.94,2177.18,521698208
2016-09-23,2173.29,2173.75,2163.97,2164.69,520729440
2016-09-26,2158.54,2158.54,2145.04,2146.1,517749728
2016-09-27,2146.04,2161.13,2141.55,2159.93,534098176
2016-09-28,2161.85,2172.4,2151.79,2171.37,558074688
2016-09-29,2168.9,2172.67,2145.2,2151.13,616776896
2016-09-30,2156.51,2175.3,2156.51,2168.27,809096384
2016-10-03,2164.33,2164.41,2154.77,2161.2,514417696
2016-10-04,2163.37,2165.46,2144.01,2150.49,563782656
2016-10-05,2155.15,2163.95,2155.15,2159.73,599675328
2016-10-06,2158.22,2162.93,2150.28,2160.77,517704704
2016-10-07,2164.19,2165.86,2144.85,2153.74,620407808
2016-10-10,2160.39,2169.6,2160.39,2163.66,452953152
2016-10-11,2161.35,2161.56,2128.84,2136.73,576879296
2016-10-12,2137.67,2145.36,2132.77,2139.18,458993728
2016-10-13,2130.26,2138.19,2114.72,2132.55,561306496
2016-10-14,2139.68,2149.19,2132.98,2132.98,549012224
2016-10-17,2132.95,2135.61,2124.43,2126.5,479872096
2016-10-18,2138.31,2144.38,2135.49,2139.6,475357952
2016-10-19,2140.81,2148.44,2138.15,2144.29,544920640
2016-10-20,2142.51,2147.18,2133.44,2141.34,571554560
2016-10-21,2139.43,2142.63,2130.09,2141.16,654916224
2016-10-24,2148.5,2154.79,2146.91,2151.33,523593280
2016-10-25,2149.72,2151.44,2141.93,2143.16,531518176
2016-10-26,2136.97,2145.73,2131.59,2139.43,562100224
2016-10-27,2144.06,2147.13,2132.52,2133.04,614987648
2016-10-28,2132.23,2140.72,2119.36,2126.41,641413824
2016-10-31,2129.78,2133.25,2125.53,2126.15,673285120
2016-11-01,2128.68,2131.45,2097.85,2111.72,712708096
2016-11-02,2109.43,2111.76,2094,2097.94,644609408
2016-11-03,2098.8,2102.56,2085.23,2088.66,593296448
2016-11-04,2083.79,2099.07,2083.79,2085.18,624722240
2016-11-07,2100.59,2132,2100.59,2131.52,608628288
2016-11-08,2129.92,2146.87,2123.56,2139.56,556660928
2016-11-09,2131.56,2170.1,2125.35,2163.26,993082624
2016-11-10,2167.49,2182.3,2151.17,2167.48,998151104
2016-11-11,2162.71,2165.92,2152.49,2164.45,734622976
2016-11-14,2165.64,2171.36,2156.08,2164.2,798294848
2016-11-15,2168.29,2180.84,2166.38,2180.39,684014976
2016-11-16,2177.53,2179.22,2172.2,2176.94,569546880
2016-11-17,2178.61,2188.06,2176.65,2187.12,569031552
2016-11-18,2186.85,2189.89,2180.38,2181.9,670633600
2016-11-21,2186.43,2198.7,2186.43,2198.18,571010944
2016-11-22,2201.56,2204.8,2194.51,2202.94,593662272
2016-11-23,2198.55,2204.72,2194.51,2204.72,523791840
2016-11-25,2206.27,2213.35,2206.27,2213.35,262011104
2016-11-28,2210.21,2211.14,2200.36,2201.72,562045760
2016-11-29,2200.76,2210.46,2198.15,2204.66,578292480
2016-11-30,2204.97,2214.1,2198.81,2198.81,1055366912
2016-12-01,2200.17,2202.6,2187.44,2191.08,742115456
2016-12-02,2191.12,2197.95,2188.37,2191.95,587453632
2016-12-05,2200.65,2209.42,2199.97,2204.71,624639552
2016-12-06,2207.26,2212.78,2202.21,2212.23,546795904
2016-12-07,2210.72,2241.63,2208.93,2241.35,705816512
2016-12-08,2241.13,2251.69,2237.57,2246.19,623697536
2016-12-09,2249.73,2259.8,2249.23,2259.53,551473152
2016-12-12,2258.83,2264.03,2252.37,2256.96,629435328
2016-12-13,2263.32,2277.53,2263.32,2271.72,587682560
2016-12-14,2268.35,2276.2,2248.44,2253.28,698708672
2016-12-15,2253.77,2272.12,2253.77,2262.03,619909120
2016-12-16,2266.81,2268.05,2254.24,2258.07,1483124864
2016-12-19,2259.24,2267.47,2258.21,2262.53,492816608
2016-12-20,2266.5,2272.56,2266.14,2270.76,498685952
2016-12-21,2270.54,2271.23,2265.15,2265.18,427310464
2016-12-22,2262.93,2263.18,2256.08,2260.96,473956160
2016-12-23,2260.25,2263.79,2258.84,2263.79,301660032
2016-12-27,2266.23,2273.82,2266.15,2268.88,296788800
2016-12-28,2270.23,2271.31,2249.11,2249.92,378174432
2016-12-29,2249.5,2254.51,2244.56,2249.26,342508320
2016-12-30,2251.61,2253.58,2233.62,2238.83,540389824
2017-01-03,2251.57,2263.88,2245.13,2257.83,644640832
2017-01-04,2261.6,2272.82,2261.6,2270.75,563923392
2017-01-05,2268.18,2271.5,2260.45,2269,563717952
2017-01-06,2271.14,2282.1,2264.06,2276.98,482665024
2017-01-09,2273.59,2275.49,2268.9,2268.9,530640928
2017-01-10,2269.72,2279.27,2265.27,2268.9,592543232
2017-01-11,2268.6,2275.32,2260.83,2275.32,545655744
2017-01-12,2271.14,2271.78,2254.25,2270.44,475570272
2017-01-13,2272.74,2278.68,2271.51,2274.64,483108128
2017-01-17,2269.14,2272.08,2262.81,2267.89,604284224
2017-01-18,2269.14,2272.01,2263.35,2271.89,507557536
2017-01-19,2271.9,2274.33,2258.41,2263.69,508367712
2017-01-20,2269.96,2276.96,2265.01,2271.31,716563456
2017-01-23,2267.78,2271.78,2257.02,2265.2,526228480
2017-01-24,2267.88,2284.63,2266.68,2280.07,551837056
2017-01-25,2288.88,2299.55,2288.88,2298.37,615908288
2017-01-26,2298.63,2300.99,2294.08,2296.68,582538304
2017-01-27,2299.02,2299.02,2291.62,2294.69,514479232
2017-01-30,2286.01,2286.01,2268.04,2280.9,555456320
2017-01-31,2274.02,2279.09,2267.21,2278.87,758256576
2017-02-01,2285.59,2289.14,2272.44,2279.55,610556672
2017-02-02,2276.69,2283.97,2271.65,2280.85,579042496
2017-02-03,2288.54,2298.31,2287.88,2297.42,560874880
2017-02-06,2294.28,2296.18,2288.57,2292.56,509036512
2017-02-07,2295.87,2299.4,2290.16,2293.08,532495104
2017-02-08,2289.55,2295.91,2285.38,2294.67,530667232
2017-02-09,2296.7,2311.08,2296.61,2307.87,533453408
2017-02-10,2312.27,2319.23,2311.1,2316.1,510223232
2017-02-13,2321.72,2331.58,2321.42,2328.25,496478944
2017-02-14,2326.12,2337.58,2322.17,2337.58,542220416
2017-02-15,2335.58,2351.3,2334.81,2349.25,558573056
2017-02-16,2349.64,2351.31,2338.87,2347.22,530389088
2017-02-17,2343.01,2351.16,2339.58,2351.16,659699008
2017-02-21,2354.91,2366.71,2354.91,2365.38,572986048
2017-02-22,2361.11,2365.13,2358.34,2362.82,516228864
2017-02-23,2367.5,2368.26,2355.09,2363.81,546630336
2017-02-24,2355.73,2367.34,2352.87,2367.34,608415552
2017-02-27,2365.23,2371.54,2361.87,2369.75,483942048
2017-02-28,2366.08,2367.79,2358.96,2363.64,764148544
2017-03-01,2380.13,2400.98,2380.13,2395.96,652781440
2017-03-02,2394.75,2394.75,2380.17,2381.92,524223104
2017-03-03,2380.92,2383.89,2375.39,2383.12,487154592
2017-03-06,2375.23,2378.8,2367.98,2375.31,515218656
2017-03-07,2370.74,2375.12,2365.51,2368.39,495074592
2017-03-08,2369.81,2373.09,2361.01,2362.98,544389568
2017-03-09,2363.49,2369.08,2354.54,2364.87,512495808
2017-03-10,2372.52,2376.86,2363.04,2372.6,530017280
2017-03-13,2371.56,2374.42,2368.52,2373.47,468236416
2017-03-14,2368.55,2368.55,2358.18,2365.45,443847040
2017-03-15,2370.34,2390.01,2368.94,2385.26,534171424
2017-03-16,2387.71,2388.1,2377.18,2381.38,500862688
2017-03-17,2383.71,2385.71,2377.64,2378.25,1610664448
2017-03-20,2378.24,2379.55,2369.66,2373.47,487434816
2017-03-21,2379.32,2381.93,2341.9,2344.02,658820992
2017-03-22,2343,2351.81,2336.45,2348.45,569714368
2017-03-23,2345.97,2358.92,2342.13,2345.96,512105376
2017-03-24,2350.42,2356.22,2335.74,2343.98,555441984
2017-03-27,2329.11,2344.9,2322.25,2341.59,539624512
2017-03-28,2339.79,2363.78,2337.63,2358.57,510297504
2017-03-29,2356.54,2363.36,2352.94,2361.13,445232512
2017-03-30,2361.31,2370.42,2358.58,2368.06,486535456
2017-03-31,2364.82,2370.35,2362.6,2362.72,614252992
2017-04-03,2362.34,2365.87,2344.73,2358.84,649208448
2017-04-04,2354.76,2360.53,2350.72,2360.16,479046432
2017-04-05,2366.59,2378.36,2350.52,2352.95,561280448
2017-04-06,2353.79,2364.16,2348.9,2357.49,522983520
2017-04-07,2356.59,2363.76,2350.74,2355.54,462738112
2017-04-10,2357.16,2366.37,2351.5,2357.16,428762208
2017-04-11,2353.92,2355.22,2337.25,2353.78,481030528
2017-04-12,2352.15,2352.72,2341.18,2344.93,502638272
2017-04-13,2341.98,2348.26,2328.95,2328.95,468946976
2017-04-17,2332.62,2349.14,2332.51,2349.01,441432224
2017-04-18,2342.53,2348.35,2334.54,2342.19,459867360
2017-04-19,2346.79,2352.63,2335.05,2338.17,499072480
2017-04-20,2342.69,2361.37,2340.91,2355.84,552296896
2017-04-21,2354.74,2356.18,2344.51,2348.69,611675328
2017-04-24,2370.33,2376.98,2369.19,2374.15,582277824
2017-04-25,2381.51,2392.48,2381.15,2388.61,574249920
2017-04-26,2388.98,2398.16,2386.76,2387.45,558455040
2017-04-27,2389.7,2392.1,2382.68,2388.77,552866368
2017-04-28,2393.68,2393.68,2382.36,2384.2,644097792
2017-05-01,2388.5,2394.49,2384.83,2388.33,491731488
2017-05-02,2391.05,2392.93,2385.82,2391.17,586219584
2017-05-03,2386.5,2389.82,2379.75,2388.13,569825920
2017-05-04,2389.79,2391.43,2380.35,2389.52,558576448
2017-05-05,2392.37,2399.29,2389.38,2399.29,471368640
2017-05-08,2399.94,2401.36,2393.92,2399.38,503851552
2017-05-09,2401.58,2403.87,2392.44,2396.92,485990880
2017-05-10,2396.79,2399.74,2392.79,2399.63,487623840
2017-05-11,2394.84,2395.72,2381.74,2394.44,508434784
2017-05-12,2392.44,2392.44,2387.19,2390.9,454115136
2017-05-15,2393.98,2404.05,2393.94,2402.32,504821792
2017-05-16,2404.55,2405.77,2396.05,2400.67,488592928
2017-05-17,2382.95,2384.87,2356.21,2357.03,689200576
2017-05-18,2354.69,2375.74,2352.72,2365.72,594080320
2017-05-19,2371.37,2389.06,2370.43,2381.73,704417088
2017-05-22,2387.21,2395.46,2386.92,2394.02,489164896
2017-05-23,2397.04,2400.85,2393.88,2398.42,461424576
2017-05-24,2401.41,2405.58,2397.99,2404.39,455597760
2017-05-25,2409.54,2418.71,2408.01,2415.07,502795776
2017-05-26,2414.5,2416.68,2412.2,2415.82,395603200
2017-05-30,2411.67,2415.26,2409.43,2412.91,467493664
2017-05-31,2415.63,2415.99,2403.59,2411.8,917610368
2017-06-01,2415.65,2430.06,2413.54,2430.06,561233664
2017-06-02,2431.28,2440.23,2427.71,2439.07,557089152
2017-06-05,2437.83,2439.55,2434.32,2436.1,431955008
2017-06-06,2431.92,2436.21,2428.12,2429.33,508445280
2017-06-07,2432.03,2435.28,2424.75,2433.14,552089664
2017-06-08,2434.27,2439.27,2427.94,2433.79,598867520
2017-06-09,2436.39,2446.2,2415.7,2431.77,702464768
2017-06-12,2425.88,2430.38,2419.97,2429.39,692720448
2017-06-13,2434.15,2441.49,2431.28,2440.35,593555072
2017-06-14,2443.75,2443.75,2428.34,2437.92,556086976
2017-06-15,2424.14,2433.95,2418.53,2432.46,540293248
2017-06-16,2431.24,2433.15,2422.88,2433.15,1491436288
2017-06-19,2442.55,2453.82,2441.79,2453.46,513362432
2017-06-20,2450.66,2450.66,2436.6,2437.03,505403104
2017-06-21,2439.31,2442.23,2430.74,2435.61,530549984
2017-06-22,2437.4,2441.62,2433.27,2434.5,527452352
2017-06-23,2434.65,2441.4,2431.11,2438.3,1058563840
2017-06-26,2443.32,2450.42,2437.03,2439.07,483460704
2017-06-27,2436.34,2440.15,2419.38,2419.38,546610368
2017-06-28,2428.7,2442.97,2428.02,2440.69,510888128
2017-06-29,2442.38,2442.73,2405.7,2419.7,627587456
2017-06-30,2429.2,2432.71,2421.65,2423.41,641278784
2017-07-03,2431.39,2439.17,2428.69,2429.01,340988864
2017-07-05,2430.78,2434.9,2422.05,2432.54,568311040
2017-07-06,2423.44,2424.28,2407.7,2409.75,553968192
2017-07-07,2413.52,2426.92,2413.52,2425.18,458121632
2017-07-10,2424.51,2432,2422.27,2427.43,490786848
2017-07-11,2427.35,2429.3,2412.79,2425.53,463115296
2017-07-12,2435.75,2445.76,2435.75,2443.25,491970048
2017-07-13,2444.99,2449.32,2441.69,2447.83,487396064
2017-07-14,2449.16,2463.54,2446.69,2459.27,439411168
2017-07-17,2459.5,2462.82,2457.16,2459.14,436559904
2017-07-18,2455.88,2460.92,2450.34,2460.61,434266880
2017-07-19,2463.85,2473.83,2463.85,2473.83,466391392
2017-07-20,2475.56,2477.62,2468.43,2473.45,510915136
2017-07-21,2467.4,2472.54,2465.06,2472.54,562308032
2017-07-24,2472.04,2473.1,2466.32,2469.91,586387584
2017-07-25,2477.88,2481.24,2474.91,2477.13,647296896
2017-07-26,2479.97,2481.69,2474.94,2477.83,546161216
2017-07-27,2482.76,2484.04,2459.93,2475.42,654796160
2017-07-28,2469.12,2473.53,2464.66,2472.1,505672256
2017-07-31,2475.94,2477.96,2468.53,2470.3,691834816
2017-08-01,2477.1,2478.51,2471.14,2476.35,520941056
2017-08-02,2480.38,2480.38,2466.48,2477.57,549613504
2017-08-03,2476.03,2476.03,2468.85,2472.16,511717824
2017-08-04,2476.88,2480,2472.08,2476.83,497282496
2017-08-07,2477.14,2480.95,2475.88,2480.91,451477344
2017-08-08,2478.35,2490.87,2470.32,2474.92,459725408
2017-08-09,2465.35,2474.41,2462.08,2474.02,462612064
2017-08-10,2465.38,2465.38,2437.75,2438.21
